;65
Tika;36
©;21
2012;21
Adobe;21
Systems;21
Incorporated;21
All;21
Rights;21
Reserved;21
the;20
to;17
-;15
new;14
and;13
of;12
in;12
a;10
with;8
Apache;8
document;8
text;7
tika-app-1.2.jar;7
=;7
4;6
metadata;6
content;6
is;6
java;6
-jar;6
$;6
facade;6
for;6
extraction;5
Solr;5
ExtractingRequestHandler;5
Lucene;4
section;4
/;4
The;4
documents;4
http://tika.apache.org;4
“/path/to/document.doc”;4
http://localhost:8983/solr/update/extract;4
literal.id=doc1&commit=true;4
//;4
Index;4
document.add;4
reader;4
|;3
Content;3
Introduction;3
index;3
parsing;3
link;3
from;3
Metadata;3
detection;3
all;3
etc;3
http://www.ohloh.net/p/tika;3
https://github.com/jukka/tika-demo;3
document.doc;3
Use;3
by;3
default;3
http://wiki.apache.org/solr/ExtractingRequestHandler;3
example;3
Capture;3
separate;3
field;3
TextField;3
“text”;3
.parse;3
if;3
LinkContentHandler;3
bch;3
Action;2
Extraction;2
Full;2
direct;2
feeding;2
forked;2
2;2
libraries;2
solution;2
that;2
be;2
into;2
2011;2
most;2
type;2
formats;2
For;2
more;2
http://tika.apache.org/;2
as;2
--text;2
Tika’s;2
interfaces;2
like;2
.parseToString;2
or;2
Allows;2
functionality;2
extract;2
it;2
only;2
inside;2
elements;2
names;2
first;2
Reader;2
also;2
What;2
your;2
Enabled;2
crash;2
JVM;2
things;2
but;2
Link;2
links;2
TeeContentHandler;2
lch;2
BodyContentHandler;2
...;2
System.out.println;2
“;2
+;2
Jukka;1
Zitting;1
committer;1
co-author;1
1;1
Tika™;1
toolkit;1
detects;1
extracts;1
structured;1
various;1
using;1
existing;1
parser;1
Problem;1
domain;1
5;1
6;1
It;1
truth;1
universally;1
acknowledged;1
single;1
man;1
possession;1
good;1
fortune;1
must;1
want;1
wife..;1
dc:title=;1
Pride;1
Prejudice;1
dc:creator=;1
Jane;1
Austen;1
dc:date=1813;1
Document;1
Project;1
background;1
7;1
Brief;1
history;1
2007;1
started;1
Incubator;1
2008;1
graduates;1
subproject;1
2010;1
becomes;1
standalone;1
TLP;1
1.0;1
released;1
published;1
Latest;1
release;1
1.2;1
thousands;1
known;1
media;1
types;1
associated;1
patterns;1
dozens;1
supported;1
including;1
major;1
office;1
basic;1
language;1
information;1
Ohloh;1
summary;1
8;1
Demo;1
10;1
tika-app;1
command;1
line;1
tool;1
--xhtml;1
/path/to/;1
http://example.com/;1
--metadata;1
<;1
cat;1
grep;1
foo;1
--help;1
11;1
Java;1
API;1
Divided;1
two;1
layers;1
org.apache.tika.Tika;1
Lower-level;1
Parser;1
Detector;1
Provides;1
simple;1
support;1
common;1
use;1
cases;1
Example;1
lower-level;1
power;1
flexibility;1
fine-grained;1
control;1
More;1
complicated;1
programming;1
model;1
Parsed;1
handled;1
XHTML;1
SAX;1
events;1
Not;1
exposed;1
through;1
12;1
3;1
aka;1
Cell;1
“Solr's;1
uses;1
allow;1
users;1
upload;1
binary;1
files;1
have;1
then;1
it.”;1
curl;1
"http://localhost:8983/solr/update/extract;1
literal.id=document&commit=true";1
-F;1
"file=@document.doc";1
Supports;1
both;1
plenty;1
configurable;1
options;1
14;1
parameters;1
Helping;1
do;1
it’s;1
job;1
resource.name=document.doc;1
Helps;1
automatic;1
resource.password=secret;1
read;1
encrypted;1
passwordsFile=/path/to/password-file;1
Resource;1
name;1
password;1
mappings;1
.*\.pdf$;1
pdf-secret;1
Capturing;1
special;1
xpath=//a;1
match;1
specified;1
query;1
capture=h1;1
specific;1
captureAttr=true;1
attributes;1
fields;1
named;1
after;1
element;1
Mapping;1
lowernames=true;1
Normalize;1
“content_type”;1
15;1
Using;1
feed;1
part;1
String;1
Field.Store.NO;1
full;1
some;1
FileInputStream;1
StringField;1
“type”;1
metadata.get;1
Metadata.CONTENT_TYPE;1
17;1
Things;1
consider;1
larger;1
than;1
memory;1
N;1
bytes/characters;1
WriteOutContentHandler;1
supports;1
an;1
explicit;1
write;1
limit;1
see;1
get/setMaxStringLength;1
malformed;1
intentionally;1
broken;1
Could;1
cause;1
denial;1
service;1
problems;1
Might;1
even;1
entire;1
due;1
bugs;1
native;1
JDK;1
SecureContentHandler;1
monitors;1
terminates;1
look;1
bad;1
Ultimate;1
server;1
Parse;1
sandboxed;1
processes;1
A;1
could;1
fail;1
parse;1
application;1
won’t;1
Code;1
already;1
there;1
still;1
bit;1
tricky;1
set;1
up;1
18;1
web;1
crawlers;1
class;1
can;1
used;1
Works;1
PDF;1
MS;1
Word;1
email;1
combine;1
other;1
ways;1
capturing;1
.getParser;1
“Content;1
lch.getLinks;1
{;1
“Link;1
};1
19;1
Questions;1
