t;561
e;459
r;323
i;312
n;251
o;220
s;196
l;173
p;155
d;100
c;93
u;81
g;74
m;71
f;64
h;60
Tika;48
x;44
=;42
/;40
";40
k;37
S;36
2;32
v;30
new;30
C;28
podemos;26
1;25
5;25
H;23
•;22
3;22
P;21
I;20
4;20
se;19
L;19
ta;18
fichero;17
b;17
apache;17
por;16
ejemplo;16
texto;15
j;15
9;15
rg;15
8;14
7;14
System;14
Metada;14
TIKA;13
nos;13
6;13
or;13
F;13
extraer;12
metadatos;12
};12
documento;11
10;11
{;11
forma;10
contenido;10
11;10
D;10
−;10
and;10
+;10
información;9
Conten;9
Apache;9
parser;9
12;9
document;9
>;9
documentos;8
formato;8
distintos;8
PDF;8
encontrar;8
utilizar;8
Outpu;8
13;8
name;8
T;8
este;7
17;7
java;7
tika-app-1.22.jar;7
14;7
−−;7
19;6
formatos;6
pdf;6
permite;6
sobre;6
0;6
podremos;6
web;6
GUI;6
-jar;6
15;6
16;6
salida;6
Parser;5
práctica;5
al;5
cada;5
lenguaje;5
URL;5
ficheros;5
puede;5
MIME;5
Ejemplos;5
org;5
tipos;5
XML;5
[;5
];5
O;5
Use;5
XHTML;5
on;5
18;5
20;5
−d;5
21;5
−p;5
id;5
clase;5
entrada;5
ch;5
BodyConten;5
tHand;5
sax;5
digitales;4
donde;4
xml;4
https://tika.apache.org/;4
así;4
etc.;4
t−Type;4
proporciona;4
uso;4
tipo;4
página;4
enlaces;4
22;4
w;4
caso;4
ver;4
Texto;4
codificación;4
tml;4
Depar;4
amen;4
to;4
Computación;4
simple;4
método;4
parse;4
ContentHandler;4
siguiente;4
me;4
tada;4
PDFParser;4
\;4
esta;3
cómo;3
partir;3
proceso;3
entregar;3
uno;3
programas;3
aplicaciones;3
realizar;3
automática;3
textual;3
2005−09−28T07;3
Z;3
28;3
bien;3
X−Parsed−By;3
interfaz;3
Detección;3
Análisis;3
nivel;3
datos;3
tareas;3
permitiendo;3
completo;3
todo;3
través;3
−app;3
|;3
main;3
ly;3
−−e;3
=X;3
X;3
23;3
E;3
24;3
25;3
escrito;3
ejecutar;3
hemos;3
cuando;3
esto;3
estructura;3
visto;3
<;3
http://decsai.ugr.es;3
queremos;3
hacer;3
pero;3
utilizando;3
U;3
Granada;3
control;3
stream;3
</;3
considerar;3
met;3
chxml;3
ToHTMLContentHandler;3
toHTMLHandler;3
ENTREGAR;3
z;3
ioma;3
2019;2
Objetivo;2
veremos;2
poder;2
debe;2
incluir;2
Documentos;2
mundo;2
sus;2
html;2
mayoría;2
sólo;2
conjunto;2
son;2
deben;2
pasos;2
herramienta;2
detectar;2
mismos;2
desde;2
tamaño;2
versión;2
elementos;2
application/pdf;2
metadata;2
Wit;2
ten;2
Frank;2
Eibe;2
t−Length;2
t−Encoding;2
ISO−8859−1;2
=ISO−8859−1;2
componentes;2
hace;2
específicos;2
desarrollo;2
genérica;2
idioma;2
está;2
francés;2
..;2
asignatura;2
libro;2
encuentra;2
Aplicaciones;2
usan;2
https://www.tutorialspoint.com/tika;2
https://cwiki.apache.org/confluence/display/tika/;2
Sistemas;2
utiliza;2
Descargar;2
código;2
descargar;2
trabajar;2
entender;2
línea;2
comandos;2
usage;2
−−v;2
−s;2
http://tika.apache.org;2
−−l;2
−−d;2
−z;2
26;2
27;2
29;2
30;2
31;2
32;2
33;2
mime;2
you;2
can;2
rgumen;2
mode;2
from;2
−1;2
.0;2
etc;2
estamos;2
pasado;2
Explorando;2
tengamos;2
pasa;2
formateado;2
entiende;2
orden;2
correcto;2
cabeceras;2
sin;2
tener;2
utilizará;2
sistema;2
obteniendo;2
xhtml;2
.A;2
Incluir;2
nuestros;2
programa;2
ika;2
vo;2
"+;2
-cp;2
Extracción;2
parseToString;2
mismo;2
Así;2
da;2
Reader;2
InputStream;2
handler;2
Metadata;2
ParseContext;2
https://tika.apache.org/1.22/parser.html;2
tanto;2
www;2
parámetro;2
utilizado;2
aplicación;2
nombre;2
CONTENT_TYPE;2
podríamos;2
Utilizando;2
alto;2
Podemos;2
patrón;2
names;2
considerando;2
Trabajando;2
XMLParser;2
pxml;2
ToXMLContentHandler;2
https://tika.apache.org/1.6/formats.html;2
metadataNames;2
ello;2
ro;2
ws;2
Identificación;2
identificar;2
R;2
ge;2
tLanguage;2
directorio;2
generar;2
contenga;2
https://tika.apache.org/1.22/examples.html;2
CSV;2
frecuencia;2
palabras;2
https://wordart.com/create;2
Fecha;2
entrega;2
Preprocesado;1
September;1
dado;1
independiente;1
archivo;1
paso;1
previo;1
cualquier;1
recuperación;1
análisis;1
textos;1
realizará;1
grupo;1
final;1
misma;1
in-;1
forme;1
necesariamente;1
sección;1
denominada;1
Trabajo;1
Grupo;1
indicará;1
clara;1
contribución;1
alumno;1
1.1;1
tiene;1
diferente;1
jpg;1
gif;1
png;1
xls;1
doc;1
odt;1
rss;1
mp3;1
...;1
entienden;1
propio;1
pequeño;1
relacionados;1
Sin;1
embargo;1
muchas;1
acceder;1
almacenada;1
buscadores;1
daremos;1
primeros;1
con-;1
sultar;1
va;1
ser;1
utilidad;1
hora;1
trabajo;1
bucear;1
dentro;1
meta-datos;1
proporcionan;1
determinado;1
ir;1
localización;1
autor;1
OBJETIVO;1
estádar;1
Multipursose;1
Internet;1
Mail;1
Extension;1
especifica;1
for-;1
mato;1
consiste;1
identificador;1
tipo/subtipo;1
opcional;1
atributo=valor;1
text/plain;1
charset=ISO-8859-1;1
application/msword;1
version=1.5;1
image=jpeg;1
Author;1
8138814;1
n−Date;1
ISBN;1
0120884070;1
t−Modi;1
ed;1
t−Save−Date;1
cp;1
Team;1
DDU;1
Wed;1
Sep;1
CEST;1
2005;1
3821;1
resourceName;1
extrae;1
gran;1
variedad;1
PPT;1
XLS;1
HTTP;1
MPEG4;1
sencilla;1
acceso;1
distintas;1
cual;1
analizadores;1
sintácticos;1
sean;1
genéricos;1
facilitando;1
nuestra;1
tarea;1
tres;1
Tipo;1
Detecta;1
Puede;1
determinar;1
castellano;1
inglés;1
ayuda;1
completa;1
in;1
Action;1
Chris;1
Mattmann;1
Jukka;1
Zitting;1
tutorial;1
https://www.tutorialspoint;1
com/tika;1
wiki;1
https://cwiki.apache.org/confluence/;1
display/tika/;1
2.1;1
Existen;1
varias;1
utilizan;1
internamente;1
pasamos;1
destacar;1
algunas;1
ellas;1
Motores;1
Búsqueda;1
Utilizan;1
fase;1
indexación;1
Crawler;1
Arañas;1
Hacen;1
docu-;1
mentos;1
campo;1
inteligencia;1
artificial;1
herramientas;1
analizan;1
semántico;1
ex-;1
traen;1
todos;1
clasifi-;1
cación;1
documental;1
Gestión;1
Recursos;1
Digitales;1
permiten;1
ges-;1
tionar;1
imágenes;1
animaciones;1
presentaciones;1
organización;1
búsqueda;1
conversión;1
edición;1
distribución;1
verificación;1
integridad;1
Recomendación;1
utilizadas;1
comercio;1
electrónico;1
Mahout;1
entorno;1
algoritmos;1
aprendizaje;1
automático;1
sistemas;1
Recomen-;1
dación;1
2.2;1
http://tika.apache;1
seguir;1
allí;1
indicados;1
fecha;1
Septiembre;1
v1.22;1
Además;1
.jar;1
necesario;1
subdirectorio;1
Software;1
fácil;1
potencialidades;1
eje-;1
cutando;1
-g;1
ejecutando;1
-help;1
muestra;1
lista;1
opciones;1
disponibles;1
−−h;1
message;1
−v;1
debug;1
messages;1
−V;1
number;1
−g;1
−−g;1
−−s;1
−f;1
−−f;1
Fork;1
Mode;1
out−of−p;1
−x;1
−−xml;1
−h;1
−−html;1
HTML;1
−T;1
−−t;1
−main;1
−m;1
−−m;1
−−j;1
JSON;1
−y;1
−−xmp;1
XMP;1
−eX;1
−pX;1
−−password;1
password;1
=<;1
−r;1
−−p;1
For;1
adds;1
−−c;1
NGram;1
where;1
34;1
−a;1
35;1
36;1
37;1
38;1
−met−models;1
39;1
models;1
keys;1
40;1
d−t;1
41;1
known;1
media;1
42;1
43;1
44;1
45;1
command;1
46;1
47;1
48;1
49;1
of;1
be;1
50;1
51;1
52;1
"−";1
used;1
53;1
were;1
54;1
55;1
56;1
57;1
58;1
"−−g;1
"−g;1
59;1
You;1
rag;1
drop;1
60;1
normal;1
window;1
61;1
62;1
63;1
64;1
65;1
"−−s;1
"−s;1
66;1
The;1
67;1
as;1
one;1
more;1
conocer;1
dará;1
english;1
español;1
fr;1
consultar;1
algún;1
seguros;1
perdido;1
extensión;1
han;1
adjunto;1
2.3;1
consideramos;1
nuestro;1
ordenador;1
algunos;1
asig-;1
natura;1
exploramos;1
usuario;1
Extrae;1
Idealmente;1
identificados;1
Plano;1
extraído;1
cuenta;1
estructurado;1
fuente;1
Metadatos;1
también;1
prueba.txt;1
fichero.xhtml;1
incluso;1
url;1
plano;1
-text;1
defecto;1
cambiar;1
–encoding;1
solo;1
interesados;1
obtenemos;1
mediante;1
-metadata;1
+xml;1
t−Type−Hin;1
−8859−1;1
X−Frame−O;1
deny;1
Pab;1
Pozo;1
Ne;1
Web;1
UGR;1
iweb;1
ugr;1
−l;1
dc;1
CCIA−UGR;1
keywords;1
ranada;1
Docenc;1
ia;1
í;1
−v1;1
wzNyCz8sYCNt7F8Bg9GWfznkU43lC9PNaZZAxRzkjJA=;1
2.4;1
API;1
implementa;1
métodos;1
básicos;1
centrarnos;1
clases;1
org.apache.tika.Tika;1
Veamos;1
implementar;1
EjemploSimple;1
row;1
Creaamos;1
argumento;1
tec;1
tamos;1
+";1
Ext;1
reamos;1
ejecutarlo;1
javac;1
EjemploSimple13.java;1
tika-app-1.22.jar:;1
EjemploSimple13;1
2.5;1
llamamos;1
primero;1
detecta;1
después;1
avanzar;1
soporte;1
org.apache.tika.parser.pdf.PDFParser;1
convirtiendo;1
String;1
limitado;1
grande;1
analizará;1
recomienda;1
incremental;1
abstracta;1
Java;1
leer;1
streams;1
caracteres;1
tika.parser;1
file;1
Otra;1
alternativa;1
org.apache.tika.parser.Parser1;1
principal;1
void;1
context;1
throws;1
IOException;1
SAXException;1
TikaException;1
1Más;1
https://tika.apache.org/1.22/;1
parser.html;1
representa;1
bytes;1
lee;1
leído;1
cerrado;1
típico;1
open;1
eam;1
es-;1
tructurado;1
util-;1
ice;1
consideren;1
conceptos;1
<html;1
xmlns=";1
w3;1
">;1
<head;1
head;1
<body;1
body;1
representar;1
RESOURCE_NAME_KEY;1
TITLE;1
título;1
,..;1
tam-;1
bién;1
propios;1
esperar;1
docType;1
modificar;1
comportamiento;1
indicando;1
contexto;1
concreto;1
vamos;1
dando;1
preciso;1
cliente;1
pueda;1
2.6;1
2.7;1
fachada;1
delega;1
operaciones;1
objetos;1
apropiados;1
indica;1
listado;1
Accedemos;1
"+name;1
2.7.1;1
sigu-;1
iente;1
Tenemos;1
2.7.2;1
https;1
//tika.apache.org/1.6/formats.html;1
2.7.3;1
Muchos;1
encuentran;1
almacenados;1
merece;1
tratamiento;1
especial;1
Hemos;1
diseño;1
facade;1
siempre;1
recurrir;1
especifico;1
mayor;1
procesar;1
encriptados;1
disponemos;1
clave;1
parte;1
Example;1
name+;1
2.7.4;1
parsear;1
sacándole;1
TeeContentHandler;1
agrupar;1
.URL;1
ParsearHTML;1
openSt;1
ream;1
2.7.5;1
stemmer;1
IOExcep;1
loadMode;1
Th;1
"XXXXXX"+;1
2.7.6;1
ejemplos;1
https://tika.apache;1
org/1.22/examples.html;1
pide;1
sea;1
capaz;1
toda;1
cuelgan;1
será;1
pro-;1
grama;1
crearemos;1
almacenaremos;1
mín-;1
imo;1
menos;1
proyecto;1
Gutenberg;1
http://www.gutenberg.org/;1
descargarnos;1
libros;1
dis-;1
tintos;1
idiomas;1
debemos;1
siguientes;1
salidas;1
función;1
pasemos;1
-d;1
Realizar;1
tabla;1
-l;1
Todos;1
pueden;1
-t;1
ocurrencia;1
términos;1
Estos;1
apare-;1
cer;1
decreciente;1
termino;1
número;1
ocurrencias;1
término;1
separa-;1
dos;1
’;’;1
obtenido;1
Text;1
;124;1
Org;1
vez;1
utilizarlo;1
crear;1
nube;1
entre;1
otros;1
opción;1
importar;1
figura;1
3.1;1
Octubre;1
Figure;1
Nube;1
generadas;1
Word;1
Art;1
